{"cameraMode":{"drawMode":0,"name":"Shaded","section":"Shading Mode"},"sceneLighting":false,"audioPlay":false,"sceneViewState":{"showFog":true,"showMaterialUpdate":false,"showSkybox":false,"showFlares":true,"showImageEffects":true,"showParticleSystems":true},"in2DMode":false,"pivot":{"x":0.0,"y":0.3999999761581421,"z":0.40000009536743166},"rotation":{"x":-0.23718760907649995,"y":-0.5498550534248352,"z":-0.16648201644420625,"w":0.783380925655365},"size":2.518550395965576,"orthographic":true}