{"cameraMode":{"drawMode":0,"name":"Shaded","section":"Shading Mode"},"sceneLighting":false,"audioPlay":false,"sceneViewState":{"showFog":true,"showMaterialUpdate":false,"showSkybox":false,"showFlares":true,"showImageEffects":true,"showParticleSystems":true},"in2DMode":false,"pivot":{"x":3.248260498046875,"y":2.708984375,"z":59.1416015625},"rotation":{"x":-0.5756227970123291,"y":0.01980706676840782,"z":-0.01605960913002491,"w":-0.8175778388977051},"size":10.201778411865235,"orthographic":true}