{"cameraMode":{"drawMode":0,"name":"Shaded","section":"Shading Mode"},"sceneLighting":false,"audioPlay":false,"sceneViewState":{"showFog":true,"showMaterialUpdate":false,"showSkybox":false,"showFlares":true,"showImageEffects":true,"showParticleSystems":true},"in2DMode":false,"pivot":{"x":-1.7699999809265137,"y":0.0,"z":6.239999771118164},"rotation":{"x":-0.470596045255661,"y":0.0007703715818934143,"z":-0.0004266466712579131,"w":-0.8824897408485413},"size":3.535533905029297,"orthographic":true}