{"cameraMode":{"drawMode":0,"name":"Shaded","section":"Shading Mode"},"sceneLighting":false,"audioPlay":false,"sceneViewState":{"showFog":true,"showMaterialUpdate":false,"showSkybox":false,"showFlares":true,"showImageEffects":true,"showParticleSystems":true},"in2DMode":false,"pivot":{"x":0.0,"y":0.29999998211860659,"z":0.48000001907348635},"rotation":{"x":-0.23718760907649995,"y":-0.5498550534248352,"z":-0.16648201644420625,"w":0.783380925655365},"size":2.09731125831604,"orthographic":true}