{"cameraMode":{"drawMode":0,"name":"Shaded","section":"Shading Mode"},"sceneLighting":false,"audioPlay":false,"sceneViewState":{"showFog":true,"showMaterialUpdate":false,"showSkybox":false,"showFlares":true,"showImageEffects":true,"showParticleSystems":true},"in2DMode":false,"pivot":{"x":-0.6676559448242188,"y":2.800048828125,"z":-5.265846252441406},"rotation":{"x":0.3902662992477417,"y":-0.044178131967782977,"z":0.018722709268331529,"w":0.9194760918617249},"size":101.67130279541016,"orthographic":true}